word,size
生活,1121
微信,848
喜欢,736
酒,652
人生,604
关注,593
世界,593
com,570
微博,513
微,496
电商,485
努力,468
中国,464
代理,461
老杜酱,442
想,424
天下,395
有限公司,384
自由,375
营销,373
请,368
梦想,367
快乐,365
互联网,363
创始人,345
红酒,342
http,335
电话,334
走,327
媒体,323
品牌,312
专注,309
年,308
心,297
专业,290
号,290
健康,285
简单,285
事,281
服务,280
信号,272
企业,268
幸福,257
北京,250
新,250
V,242
分享,238
一种,234
一生,233
永远,232
希望,232
未来,227
朋友,221
酒仓,217
•,212
工作,211
学习,202
产品,202
吃,202
淘宝,201
公司,200
里,200
www,199
创业,198
管理,197
生命,196
一枚,196
设计,192
路上,191
美食,191
咨询,190
平台,181
路,179
taobao,178
运营,177
旅游,176
提供,171
美好,169
文化,169
时,169
愿,169
梦,167
信,166
you,165
QQ,163
❤,162
阳光,160
社会,160
逼,155
销售,151
行业,151
老杜,151
一只,151
科技,150
青年,149
成功,148
爱好者,147
追求,147
